--
-- PostgreSQL database dump
--

-- Dumped from database version 17.4
-- Dumped by pg_dump version 17.4

SET statement_timeout = 0;
SET lock_timeout = 0;
SET idle_in_transaction_session_timeout = 0;
SET transaction_timeout = 0;
SET client_encoding = 'UTF8';
SET standard_conforming_strings = on;
SELECT pg_catalog.set_config('search_path', '', false);
SET check_function_bodies = false;
SET xmloption = content;
SET client_min_messages = warning;
SET row_security = off;

SET default_tablespace = '';

SET default_table_access_method = heap;

--
-- Name: accounts_users; Type: TABLE; Schema: public; Owner: projectuser
--

CREATE TABLE public.accounts_users (
    id bigint NOT NULL,
    password character varying(128) NOT NULL,
    last_login timestamp with time zone,
    is_superuser boolean NOT NULL,
    username character varying(150) NOT NULL,
    first_name character varying(150) NOT NULL,
    last_name character varying(150) NOT NULL,
    is_staff boolean NOT NULL,
    is_active boolean NOT NULL,
    date_joined timestamp with time zone NOT NULL,
    name character varying(20) NOT NULL,
    email character varying(254) NOT NULL,
    division character varying(20) NOT NULL,
    "position" character varying(20) NOT NULL,
    number_phone character varying(20) NOT NULL,
    notification jsonb
);


ALTER TABLE public.accounts_users OWNER TO projectuser;

--
-- Name: accounts_users_groups; Type: TABLE; Schema: public; Owner: projectuser
--

CREATE TABLE public.accounts_users_groups (
    id bigint NOT NULL,
    users_id bigint NOT NULL,
    group_id integer NOT NULL
);


ALTER TABLE public.accounts_users_groups OWNER TO projectuser;

--
-- Name: accounts_users_groups_id_seq; Type: SEQUENCE; Schema: public; Owner: projectuser
--

ALTER TABLE public.accounts_users_groups ALTER COLUMN id ADD GENERATED BY DEFAULT AS IDENTITY (
    SEQUENCE NAME public.accounts_users_groups_id_seq
    START WITH 1
    INCREMENT BY 1
    NO MINVALUE
    NO MAXVALUE
    CACHE 1
);


--
-- Name: accounts_users_id_seq; Type: SEQUENCE; Schema: public; Owner: projectuser
--

ALTER TABLE public.accounts_users ALTER COLUMN id ADD GENERATED BY DEFAULT AS IDENTITY (
    SEQUENCE NAME public.accounts_users_id_seq
    START WITH 1
    INCREMENT BY 1
    NO MINVALUE
    NO MAXVALUE
    CACHE 1
);


--
-- Name: accounts_users_user_permissions; Type: TABLE; Schema: public; Owner: projectuser
--

CREATE TABLE public.accounts_users_user_permissions (
    id bigint NOT NULL,
    users_id bigint NOT NULL,
    permission_id integer NOT NULL
);


ALTER TABLE public.accounts_users_user_permissions OWNER TO projectuser;

--
-- Name: accounts_users_user_permissions_id_seq; Type: SEQUENCE; Schema: public; Owner: projectuser
--

ALTER TABLE public.accounts_users_user_permissions ALTER COLUMN id ADD GENERATED BY DEFAULT AS IDENTITY (
    SEQUENCE NAME public.accounts_users_user_permissions_id_seq
    START WITH 1
    INCREMENT BY 1
    NO MINVALUE
    NO MAXVALUE
    CACHE 1
);


--
-- Name: accounts_verificationcode; Type: TABLE; Schema: public; Owner: projectuser
--

CREATE TABLE public.accounts_verificationcode (
    id bigint NOT NULL,
    number_phone character varying(20) NOT NULL,
    code character varying(4) NOT NULL,
    created_at timestamp with time zone NOT NULL,
    is_used boolean NOT NULL
);


ALTER TABLE public.accounts_verificationcode OWNER TO projectuser;

--
-- Name: accounts_verificationcode_id_seq; Type: SEQUENCE; Schema: public; Owner: projectuser
--

ALTER TABLE public.accounts_verificationcode ALTER COLUMN id ADD GENERATED BY DEFAULT AS IDENTITY (
    SEQUENCE NAME public.accounts_verificationcode_id_seq
    START WITH 1
    INCREMENT BY 1
    NO MINVALUE
    NO MAXVALUE
    CACHE 1
);


--
-- Name: api_additionaltask; Type: TABLE; Schema: public; Owner: projectuser
--

CREATE TABLE public.api_additionaltask (
    id bigint NOT NULL,
    title character varying(100) NOT NULL,
    description text,
    task_id bigint NOT NULL
);


ALTER TABLE public.api_additionaltask OWNER TO projectuser;

--
-- Name: api_additionaltask_id_seq; Type: SEQUENCE; Schema: public; Owner: projectuser
--

ALTER TABLE public.api_additionaltask ALTER COLUMN id ADD GENERATED BY DEFAULT AS IDENTITY (
    SEQUENCE NAME public.api_additionaltask_id_seq
    START WITH 1
    INCREMENT BY 1
    NO MINVALUE
    NO MAXVALUE
    CACHE 1
);


--
-- Name: api_board; Type: TABLE; Schema: public; Owner: projectuser
--

CREATE TABLE public.api_board (
    id bigint NOT NULL,
    title character varying(100) NOT NULL,
    description text,
    status character varying(20) NOT NULL,
    project_id bigint NOT NULL
);


ALTER TABLE public.api_board OWNER TO projectuser;

--
-- Name: api_board_id_seq; Type: SEQUENCE; Schema: public; Owner: projectuser
--

ALTER TABLE public.api_board ALTER COLUMN id ADD GENERATED BY DEFAULT AS IDENTITY (
    SEQUENCE NAME public.api_board_id_seq
    START WITH 1
    INCREMENT BY 1
    NO MINVALUE
    NO MAXVALUE
    CACHE 1
);


--
-- Name: api_project; Type: TABLE; Schema: public; Owner: projectuser
--

CREATE TABLE public.api_project (
    id bigint NOT NULL,
    title character varying(100) NOT NULL,
    description text,
    owner_id bigint
);


ALTER TABLE public.api_project OWNER TO projectuser;

--
-- Name: api_project_id_seq; Type: SEQUENCE; Schema: public; Owner: projectuser
--

ALTER TABLE public.api_project ALTER COLUMN id ADD GENERATED BY DEFAULT AS IDENTITY (
    SEQUENCE NAME public.api_project_id_seq
    START WITH 1
    INCREMENT BY 1
    NO MINVALUE
    NO MAXVALUE
    CACHE 1
);


--
-- Name: api_project_members; Type: TABLE; Schema: public; Owner: projectuser
--

CREATE TABLE public.api_project_members (
    id bigint NOT NULL,
    project_id bigint NOT NULL,
    users_id bigint NOT NULL
);


ALTER TABLE public.api_project_members OWNER TO projectuser;

--
-- Name: api_project_members_id_seq; Type: SEQUENCE; Schema: public; Owner: projectuser
--

ALTER TABLE public.api_project_members ALTER COLUMN id ADD GENERATED BY DEFAULT AS IDENTITY (
    SEQUENCE NAME public.api_project_members_id_seq
    START WITH 1
    INCREMENT BY 1
    NO MINVALUE
    NO MAXVALUE
    CACHE 1
);


--
-- Name: api_projectmembership; Type: TABLE; Schema: public; Owner: projectuser
--

CREATE TABLE public.api_projectmembership (
    id bigint NOT NULL,
    role character varying(20) NOT NULL,
    project_id bigint NOT NULL,
    users_id bigint
);


ALTER TABLE public.api_projectmembership OWNER TO projectuser;

--
-- Name: api_projectmembership_id_seq; Type: SEQUENCE; Schema: public; Owner: projectuser
--

ALTER TABLE public.api_projectmembership ALTER COLUMN id ADD GENERATED BY DEFAULT AS IDENTITY (
    SEQUENCE NAME public.api_projectmembership_id_seq
    START WITH 1
    INCREMENT BY 1
    NO MINVALUE
    NO MAXVALUE
    CACHE 1
);


--
-- Name: api_task; Type: TABLE; Schema: public; Owner: projectuser
--

CREATE TABLE public.api_task (
    id bigint NOT NULL,
    title character varying(100) NOT NULL,
    description text,
    date timestamp with time zone NOT NULL,
    updated timestamp with time zone NOT NULL,
    priority character varying(10) NOT NULL,
    date_completion timestamp with time zone,
    completed_date timestamp with time zone,
    board_id bigint NOT NULL
);


ALTER TABLE public.api_task OWNER TO projectuser;

--
-- Name: api_task_id_seq; Type: SEQUENCE; Schema: public; Owner: projectuser
--

ALTER TABLE public.api_task ALTER COLUMN id ADD GENERATED BY DEFAULT AS IDENTITY (
    SEQUENCE NAME public.api_task_id_seq
    START WITH 1
    INCREMENT BY 1
    NO MINVALUE
    NO MAXVALUE
    CACHE 1
);


--
-- Name: api_task_users; Type: TABLE; Schema: public; Owner: projectuser
--

CREATE TABLE public.api_task_users (
    id bigint NOT NULL,
    task_id bigint NOT NULL,
    users_id bigint NOT NULL
);


ALTER TABLE public.api_task_users OWNER TO projectuser;

--
-- Name: api_task_users_id_seq; Type: SEQUENCE; Schema: public; Owner: projectuser
--

ALTER TABLE public.api_task_users ALTER COLUMN id ADD GENERATED BY DEFAULT AS IDENTITY (
    SEQUENCE NAME public.api_task_users_id_seq
    START WITH 1
    INCREMENT BY 1
    NO MINVALUE
    NO MAXVALUE
    CACHE 1
);


--
-- Name: api_taskrelation; Type: TABLE; Schema: public; Owner: projectuser
--

CREATE TABLE public.api_taskrelation (
    id bigint NOT NULL,
    relation_type character varying(20) NOT NULL,
    from_task_id bigint NOT NULL,
    to_task_id bigint NOT NULL
);


ALTER TABLE public.api_taskrelation OWNER TO projectuser;

--
-- Name: api_taskrelation_id_seq; Type: SEQUENCE; Schema: public; Owner: projectuser
--

ALTER TABLE public.api_taskrelation ALTER COLUMN id ADD GENERATED BY DEFAULT AS IDENTITY (
    SEQUENCE NAME public.api_taskrelation_id_seq
    START WITH 1
    INCREMENT BY 1
    NO MINVALUE
    NO MAXVALUE
    CACHE 1
);


--
-- Name: auth_group; Type: TABLE; Schema: public; Owner: projectuser
--

CREATE TABLE public.auth_group (
    id integer NOT NULL,
    name character varying(150) NOT NULL
);


ALTER TABLE public.auth_group OWNER TO projectuser;

--
-- Name: auth_group_id_seq; Type: SEQUENCE; Schema: public; Owner: projectuser
--

ALTER TABLE public.auth_group ALTER COLUMN id ADD GENERATED BY DEFAULT AS IDENTITY (
    SEQUENCE NAME public.auth_group_id_seq
    START WITH 1
    INCREMENT BY 1
    NO MINVALUE
    NO MAXVALUE
    CACHE 1
);


--
-- Name: auth_group_permissions; Type: TABLE; Schema: public; Owner: projectuser
--

CREATE TABLE public.auth_group_permissions (
    id bigint NOT NULL,
    group_id integer NOT NULL,
    permission_id integer NOT NULL
);


ALTER TABLE public.auth_group_permissions OWNER TO projectuser;

--
-- Name: auth_group_permissions_id_seq; Type: SEQUENCE; Schema: public; Owner: projectuser
--

ALTER TABLE public.auth_group_permissions ALTER COLUMN id ADD GENERATED BY DEFAULT AS IDENTITY (
    SEQUENCE NAME public.auth_group_permissions_id_seq
    START WITH 1
    INCREMENT BY 1
    NO MINVALUE
    NO MAXVALUE
    CACHE 1
);


--
-- Name: auth_permission; Type: TABLE; Schema: public; Owner: projectuser
--

CREATE TABLE public.auth_permission (
    id integer NOT NULL,
    name character varying(255) NOT NULL,
    content_type_id integer NOT NULL,
    codename character varying(100) NOT NULL
);


ALTER TABLE public.auth_permission OWNER TO projectuser;

--
-- Name: auth_permission_id_seq; Type: SEQUENCE; Schema: public; Owner: projectuser
--

ALTER TABLE public.auth_permission ALTER COLUMN id ADD GENERATED BY DEFAULT AS IDENTITY (
    SEQUENCE NAME public.auth_permission_id_seq
    START WITH 1
    INCREMENT BY 1
    NO MINVALUE
    NO MAXVALUE
    CACHE 1
);


--
-- Name: django_admin_log; Type: TABLE; Schema: public; Owner: projectuser
--

CREATE TABLE public.django_admin_log (
    id integer NOT NULL,
    action_time timestamp with time zone NOT NULL,
    object_id text,
    object_repr character varying(200) NOT NULL,
    action_flag smallint NOT NULL,
    change_message text NOT NULL,
    content_type_id integer,
    user_id bigint NOT NULL,
    CONSTRAINT django_admin_log_action_flag_check CHECK ((action_flag >= 0))
);


ALTER TABLE public.django_admin_log OWNER TO projectuser;

--
-- Name: django_admin_log_id_seq; Type: SEQUENCE; Schema: public; Owner: projectuser
--

ALTER TABLE public.django_admin_log ALTER COLUMN id ADD GENERATED BY DEFAULT AS IDENTITY (
    SEQUENCE NAME public.django_admin_log_id_seq
    START WITH 1
    INCREMENT BY 1
    NO MINVALUE
    NO MAXVALUE
    CACHE 1
);


--
-- Name: django_content_type; Type: TABLE; Schema: public; Owner: projectuser
--

CREATE TABLE public.django_content_type (
    id integer NOT NULL,
    app_label character varying(100) NOT NULL,
    model character varying(100) NOT NULL
);


ALTER TABLE public.django_content_type OWNER TO projectuser;

--
-- Name: django_content_type_id_seq; Type: SEQUENCE; Schema: public; Owner: projectuser
--

ALTER TABLE public.django_content_type ALTER COLUMN id ADD GENERATED BY DEFAULT AS IDENTITY (
    SEQUENCE NAME public.django_content_type_id_seq
    START WITH 1
    INCREMENT BY 1
    NO MINVALUE
    NO MAXVALUE
    CACHE 1
);


--
-- Name: django_migrations; Type: TABLE; Schema: public; Owner: projectuser
--

CREATE TABLE public.django_migrations (
    id bigint NOT NULL,
    app character varying(255) NOT NULL,
    name character varying(255) NOT NULL,
    applied timestamp with time zone NOT NULL
);


ALTER TABLE public.django_migrations OWNER TO projectuser;

--
-- Name: django_migrations_id_seq; Type: SEQUENCE; Schema: public; Owner: projectuser
--

ALTER TABLE public.django_migrations ALTER COLUMN id ADD GENERATED BY DEFAULT AS IDENTITY (
    SEQUENCE NAME public.django_migrations_id_seq
    START WITH 1
    INCREMENT BY 1
    NO MINVALUE
    NO MAXVALUE
    CACHE 1
);


--
-- Name: django_session; Type: TABLE; Schema: public; Owner: projectuser
--

CREATE TABLE public.django_session (
    session_key character varying(40) NOT NULL,
    session_data text NOT NULL,
    expire_date timestamp with time zone NOT NULL
);


ALTER TABLE public.django_session OWNER TO projectuser;

--
-- Name: flags_flagstate; Type: TABLE; Schema: public; Owner: projectuser
--

CREATE TABLE public.flags_flagstate (
    id integer NOT NULL,
    name character varying(64) NOT NULL,
    condition character varying(64) NOT NULL,
    value character varying(127) NOT NULL,
    required boolean NOT NULL
);


ALTER TABLE public.flags_flagstate OWNER TO projectuser;

--
-- Name: flags_flagstate_id_seq; Type: SEQUENCE; Schema: public; Owner: projectuser
--

ALTER TABLE public.flags_flagstate ALTER COLUMN id ADD GENERATED BY DEFAULT AS IDENTITY (
    SEQUENCE NAME public.flags_flagstate_id_seq
    START WITH 1
    INCREMENT BY 1
    NO MINVALUE
    NO MAXVALUE
    CACHE 1
);


--
-- Data for Name: accounts_users; Type: TABLE DATA; Schema: public; Owner: projectuser
--

COPY public.accounts_users (id, password, last_login, is_superuser, username, first_name, last_name, is_staff, is_active, date_joined, name, email, division, "position", number_phone, notification) FROM stdin;
1	pbkdf2_sha256$1000000$yhzacLwm2mWBLVxdocwwWA$TmBuUtLUdcduPKw6G708Hu6eT5G/qyQir2fTsTPmTCY=	2025-04-20 21:28:06+00	t	admin	admin		t	t	2025-04-20 21:27:32+00	admin	admin@example.com	developers	junior	+79617802311	{}
\.


--
-- Data for Name: accounts_users_groups; Type: TABLE DATA; Schema: public; Owner: projectuser
--

COPY public.accounts_users_groups (id, users_id, group_id) FROM stdin;
\.


--
-- Data for Name: accounts_users_user_permissions; Type: TABLE DATA; Schema: public; Owner: projectuser
--

COPY public.accounts_users_user_permissions (id, users_id, permission_id) FROM stdin;
1	1	1
2	1	2
3	1	3
4	1	4
5	1	5
6	1	6
7	1	7
8	1	8
9	1	9
10	1	10
11	1	11
12	1	12
13	1	13
14	1	14
15	1	15
16	1	16
17	1	17
18	1	18
19	1	19
20	1	20
21	1	21
22	1	22
23	1	23
24	1	24
25	1	25
26	1	26
27	1	27
28	1	28
29	1	29
30	1	30
31	1	31
32	1	32
33	1	33
34	1	34
35	1	35
36	1	36
37	1	37
38	1	38
39	1	39
40	1	40
41	1	41
42	1	42
43	1	43
44	1	44
45	1	45
46	1	46
47	1	47
48	1	48
49	1	49
50	1	50
51	1	51
52	1	52
\.


--
-- Data for Name: accounts_verificationcode; Type: TABLE DATA; Schema: public; Owner: projectuser
--

COPY public.accounts_verificationcode (id, number_phone, code, created_at, is_used) FROM stdin;
\.


--
-- Data for Name: api_additionaltask; Type: TABLE DATA; Schema: public; Owner: projectuser
--

COPY public.api_additionaltask (id, title, description, task_id) FROM stdin;
\.


--
-- Data for Name: api_board; Type: TABLE DATA; Schema: public; Owner: projectuser
--

COPY public.api_board (id, title, description, status, project_id) FROM stdin;
1	some board		in_progress	1
\.


--
-- Data for Name: api_project; Type: TABLE DATA; Schema: public; Owner: projectuser
--

COPY public.api_project (id, title, description, owner_id) FROM stdin;
1	some project		1
\.


--
-- Data for Name: api_project_members; Type: TABLE DATA; Schema: public; Owner: projectuser
--

COPY public.api_project_members (id, project_id, users_id) FROM stdin;
1	1	1
\.


--
-- Data for Name: api_projectmembership; Type: TABLE DATA; Schema: public; Owner: projectuser
--

COPY public.api_projectmembership (id, role, project_id, users_id) FROM stdin;
\.


--
-- Data for Name: api_task; Type: TABLE DATA; Schema: public; Owner: projectuser
--

COPY public.api_task (id, title, description, date, updated, priority, date_completion, completed_date, board_id) FROM stdin;
1	some task		2025-04-20 22:20:59.580213+00	2025-04-20 22:20:59.580225+00	medium	\N	\N	1
\.


--
-- Data for Name: api_task_users; Type: TABLE DATA; Schema: public; Owner: projectuser
--

COPY public.api_task_users (id, task_id, users_id) FROM stdin;
1	1	1
\.


--
-- Data for Name: api_taskrelation; Type: TABLE DATA; Schema: public; Owner: projectuser
--

COPY public.api_taskrelation (id, relation_type, from_task_id, to_task_id) FROM stdin;
\.


--
-- Data for Name: auth_group; Type: TABLE DATA; Schema: public; Owner: projectuser
--

COPY public.auth_group (id, name) FROM stdin;
\.


--
-- Data for Name: auth_group_permissions; Type: TABLE DATA; Schema: public; Owner: projectuser
--

COPY public.auth_group_permissions (id, group_id, permission_id) FROM stdin;
\.


--
-- Data for Name: auth_permission; Type: TABLE DATA; Schema: public; Owner: projectuser
--

COPY public.auth_permission (id, name, content_type_id, codename) FROM stdin;
1	Can add log entry	1	add_logentry
2	Can change log entry	1	change_logentry
3	Can delete log entry	1	delete_logentry
4	Can view log entry	1	view_logentry
5	Can add permission	2	add_permission
6	Can change permission	2	change_permission
7	Can delete permission	2	delete_permission
8	Can view permission	2	view_permission
9	Can add group	3	add_group
10	Can change group	3	change_group
11	Can delete group	3	delete_group
12	Can view group	3	view_group
13	Can add content type	4	add_contenttype
14	Can change content type	4	change_contenttype
15	Can delete content type	4	delete_contenttype
16	Can view content type	4	view_contenttype
17	Can add session	5	add_session
18	Can change session	5	change_session
19	Can delete session	5	delete_session
20	Can view session	5	view_session
21	Can add project	6	add_project
22	Can change project	6	change_project
23	Can delete project	6	delete_project
24	Can view project	6	view_project
25	Can add board	7	add_board
26	Can change board	7	change_board
27	Can delete board	7	delete_board
28	Can view board	7	view_board
29	Can add project member ship	8	add_projectmembership
30	Can change project member ship	8	change_projectmembership
31	Can delete project member ship	8	delete_projectmembership
32	Can view project member ship	8	view_projectmembership
33	Can add task	9	add_task
34	Can change task	9	change_task
35	Can delete task	9	delete_task
36	Can view task	9	view_task
37	Can add additional task	10	add_additionaltask
38	Can change additional task	10	change_additionaltask
39	Can delete additional task	10	delete_additionaltask
40	Can view additional task	10	view_additionaltask
41	Can add task relation	11	add_taskrelation
42	Can change task relation	11	change_taskrelation
43	Can delete task relation	11	delete_taskrelation
44	Can view task relation	11	view_taskrelation
45	Can add verification code	12	add_verificationcode
46	Can change verification code	12	change_verificationcode
47	Can delete verification code	12	delete_verificationcode
48	Can view verification code	12	view_verificationcode
49	Can add user	13	add_users
50	Can change user	13	change_users
51	Can delete user	13	delete_users
52	Can view user	13	view_users
53	Can add flag state	14	add_flagstate
54	Can change flag state	14	change_flagstate
55	Can delete flag state	14	delete_flagstate
56	Can view flag state	14	view_flagstate
\.


--
-- Data for Name: django_admin_log; Type: TABLE DATA; Schema: public; Owner: projectuser
--

COPY public.django_admin_log (id, action_time, object_id, object_repr, action_flag, change_message, content_type_id, user_id) FROM stdin;
1	2025-04-20 22:19:31.475536+00	1	admin	2	[{"changed": {"fields": ["User permissions", "First name", "\\u0418\\u043c\\u044f \\u043f\\u043e\\u043b\\u044c\\u0437\\u043e\\u0432\\u0430\\u0442\\u0435\\u043b\\u044f"]}}]	13	1
2	2025-04-20 22:20:10.508902+00	1	Project object (1)	1	[{"added": {}}]	6	1
3	2025-04-20 22:20:23.488819+00	1	Board object (1)	1	[{"added": {}}]	7	1
4	2025-04-20 22:20:59.585433+00	1	some task	1	[{"added": {}}]	9	1
5	2025-04-25 17:41:42.086084+00	1	add_member_feature is enabled when boolean is true	1	[{"added": {}}]	14	1
\.


--
-- Data for Name: django_content_type; Type: TABLE DATA; Schema: public; Owner: projectuser
--

COPY public.django_content_type (id, app_label, model) FROM stdin;
1	admin	logentry
2	auth	permission
3	auth	group
4	contenttypes	contenttype
5	sessions	session
6	api	project
7	api	board
8	api	projectmembership
9	api	task
10	api	additionaltask
11	api	taskrelation
12	accounts	verificationcode
13	accounts	users
14	flags	flagstate
\.


--
-- Data for Name: django_migrations; Type: TABLE DATA; Schema: public; Owner: projectuser
--

COPY public.django_migrations (id, app, name, applied) FROM stdin;
1	contenttypes	0001_initial	2025-04-20 21:22:03.560095+00
2	contenttypes	0002_remove_content_type_name	2025-04-20 21:22:03.566811+00
3	auth	0001_initial	2025-04-20 21:22:03.577101+00
4	auth	0002_alter_permission_name_max_length	2025-04-20 21:22:03.57867+00
5	auth	0003_alter_user_email_max_length	2025-04-20 21:22:03.580551+00
6	auth	0004_alter_user_username_opts	2025-04-20 21:22:03.58236+00
7	auth	0005_alter_user_last_login_null	2025-04-20 21:22:03.583766+00
8	auth	0006_require_contenttypes_0002	2025-04-20 21:22:03.584201+00
9	auth	0007_alter_validators_add_error_messages	2025-04-20 21:22:03.585826+00
10	auth	0008_alter_user_username_max_length	2025-04-20 21:22:03.58786+00
11	auth	0009_alter_user_last_name_max_length	2025-04-20 21:22:03.589547+00
12	auth	0010_alter_group_name_max_length	2025-04-20 21:22:03.592136+00
13	auth	0011_update_proxy_permissions	2025-04-20 21:22:03.594258+00
14	auth	0012_alter_user_first_name_max_length	2025-04-20 21:22:03.596687+00
15	accounts	0001_initial	2025-04-20 21:22:03.611591+00
16	admin	0001_initial	2025-04-20 21:22:03.621556+00
17	admin	0002_logentry_remove_auto_add	2025-04-20 21:22:03.625035+00
18	admin	0003_logentry_add_action_flag_choices	2025-04-20 21:22:03.627644+00
19	api	0001_initial	2025-04-20 21:22:03.665218+00
20	sessions	0001_initial	2025-04-20 21:22:03.668409+00
21	flags	0001_initial	2025-04-23 04:48:43.509091+00
22	flags	0002_auto_20151030_1401	2025-04-23 04:48:43.509966+00
23	flags	0003_flag_hidden	2025-04-23 04:48:43.510224+00
24	flags	0004_remove_flag_hidden	2025-04-23 04:48:43.510425+00
25	flags	0005_flag_enabled_by_default	2025-04-23 04:48:43.510591+00
26	flags	0006_auto_20151217_2003	2025-04-23 04:48:43.510754+00
27	flags	0007_unique_flag_site	2025-04-23 04:48:43.51091+00
28	flags	0008_add_state_conditions	2025-04-23 04:48:43.511077+00
29	flags	0009_migrate_to_conditional_state	2025-04-23 04:48:43.511269+00
30	flags	0010_delete_flag_site_fk	2025-04-23 04:48:43.511427+00
31	flags	0011_migrate_path_data_startswith_to_matches	2025-04-23 04:48:43.511577+00
32	flags	0013_add_required_field	2025-04-23 04:48:43.516158+00
33	flags	0012_replace_migrations_for_wagtail_independence	2025-04-23 04:48:43.51743+00
34	api	0002_board_api_board_status_6930f6_idx_and_more	2025-04-27 17:47:35.059261+00
\.


--
-- Data for Name: django_session; Type: TABLE DATA; Schema: public; Owner: projectuser
--

COPY public.django_session (session_key, session_data, expire_date) FROM stdin;
lv3empgnvaxdkp3w6ikmn4qcw7737y9m	.eJxVjMEOwiAQRP-FsyHCykI8evcbyMIuUjU0Ke2p8d9tkx70NMm8N7OqSMtc49JligOrqzLq9Nslyi9pO-Antceo89jmaUh6V_RBu76PLO_b4f4dVOp1WwsiZHtmAyHxBbdkB14IUzHB-SIW2BQEdDkED9l4BJsslQK-JEPq8wXaezfR:1u6cCs:ta2ZP03OG91vHA1D_-h1m0vI0DDYZAYH6jaPk7u7NC0	2025-05-04 21:28:06.995077+00
\.


--
-- Data for Name: flags_flagstate; Type: TABLE DATA; Schema: public; Owner: projectuser
--

COPY public.flags_flagstate (id, name, condition, value, required) FROM stdin;
1	add_member_feature	boolean	true	f
\.


--
-- Name: accounts_users_groups_id_seq; Type: SEQUENCE SET; Schema: public; Owner: projectuser
--

SELECT pg_catalog.setval('public.accounts_users_groups_id_seq', 1, false);


--
-- Name: accounts_users_id_seq; Type: SEQUENCE SET; Schema: public; Owner: projectuser
--

SELECT pg_catalog.setval('public.accounts_users_id_seq', 1, true);


--
-- Name: accounts_users_user_permissions_id_seq; Type: SEQUENCE SET; Schema: public; Owner: projectuser
--

SELECT pg_catalog.setval('public.accounts_users_user_permissions_id_seq', 52, true);


--
-- Name: accounts_verificationcode_id_seq; Type: SEQUENCE SET; Schema: public; Owner: projectuser
--

SELECT pg_catalog.setval('public.accounts_verificationcode_id_seq', 1, false);


--
-- Name: api_additionaltask_id_seq; Type: SEQUENCE SET; Schema: public; Owner: projectuser
--

SELECT pg_catalog.setval('public.api_additionaltask_id_seq', 1, false);


--
-- Name: api_board_id_seq; Type: SEQUENCE SET; Schema: public; Owner: projectuser
--

SELECT pg_catalog.setval('public.api_board_id_seq', 1, true);


--
-- Name: api_project_id_seq; Type: SEQUENCE SET; Schema: public; Owner: projectuser
--

SELECT pg_catalog.setval('public.api_project_id_seq', 1, true);


--
-- Name: api_project_members_id_seq; Type: SEQUENCE SET; Schema: public; Owner: projectuser
--

SELECT pg_catalog.setval('public.api_project_members_id_seq', 1, true);


--
-- Name: api_projectmembership_id_seq; Type: SEQUENCE SET; Schema: public; Owner: projectuser
--

SELECT pg_catalog.setval('public.api_projectmembership_id_seq', 1, false);


--
-- Name: api_task_id_seq; Type: SEQUENCE SET; Schema: public; Owner: projectuser
--

SELECT pg_catalog.setval('public.api_task_id_seq', 1, true);


--
-- Name: api_task_users_id_seq; Type: SEQUENCE SET; Schema: public; Owner: projectuser
--

SELECT pg_catalog.setval('public.api_task_users_id_seq', 1, true);


--
-- Name: api_taskrelation_id_seq; Type: SEQUENCE SET; Schema: public; Owner: projectuser
--

SELECT pg_catalog.setval('public.api_taskrelation_id_seq', 1, false);


--
-- Name: auth_group_id_seq; Type: SEQUENCE SET; Schema: public; Owner: projectuser
--

SELECT pg_catalog.setval('public.auth_group_id_seq', 1, false);


--
-- Name: auth_group_permissions_id_seq; Type: SEQUENCE SET; Schema: public; Owner: projectuser
--

SELECT pg_catalog.setval('public.auth_group_permissions_id_seq', 1, false);


--
-- Name: auth_permission_id_seq; Type: SEQUENCE SET; Schema: public; Owner: projectuser
--

SELECT pg_catalog.setval('public.auth_permission_id_seq', 56, true);


--
-- Name: django_admin_log_id_seq; Type: SEQUENCE SET; Schema: public; Owner: projectuser
--

SELECT pg_catalog.setval('public.django_admin_log_id_seq', 5, true);


--
-- Name: django_content_type_id_seq; Type: SEQUENCE SET; Schema: public; Owner: projectuser
--

SELECT pg_catalog.setval('public.django_content_type_id_seq', 14, true);


--
-- Name: django_migrations_id_seq; Type: SEQUENCE SET; Schema: public; Owner: projectuser
--

SELECT pg_catalog.setval('public.django_migrations_id_seq', 34, true);


--
-- Name: flags_flagstate_id_seq; Type: SEQUENCE SET; Schema: public; Owner: projectuser
--

SELECT pg_catalog.setval('public.flags_flagstate_id_seq', 1, true);


--
-- Name: accounts_users_groups accounts_users_groups_pkey; Type: CONSTRAINT; Schema: public; Owner: projectuser
--

ALTER TABLE ONLY public.accounts_users_groups
    ADD CONSTRAINT accounts_users_groups_pkey PRIMARY KEY (id);


--
-- Name: accounts_users_groups accounts_users_groups_users_id_group_id_8dfb39d5_uniq; Type: CONSTRAINT; Schema: public; Owner: projectuser
--

ALTER TABLE ONLY public.accounts_users_groups
    ADD CONSTRAINT accounts_users_groups_users_id_group_id_8dfb39d5_uniq UNIQUE (users_id, group_id);


--
-- Name: accounts_users accounts_users_number_phone_key; Type: CONSTRAINT; Schema: public; Owner: projectuser
--

ALTER TABLE ONLY public.accounts_users
    ADD CONSTRAINT accounts_users_number_phone_key UNIQUE (number_phone);


--
-- Name: accounts_users accounts_users_pkey; Type: CONSTRAINT; Schema: public; Owner: projectuser
--

ALTER TABLE ONLY public.accounts_users
    ADD CONSTRAINT accounts_users_pkey PRIMARY KEY (id);


--
-- Name: accounts_users_user_permissions accounts_users_user_perm_users_id_permission_id_866b235f_uniq; Type: CONSTRAINT; Schema: public; Owner: projectuser
--

ALTER TABLE ONLY public.accounts_users_user_permissions
    ADD CONSTRAINT accounts_users_user_perm_users_id_permission_id_866b235f_uniq UNIQUE (users_id, permission_id);


--
-- Name: accounts_users_user_permissions accounts_users_user_permissions_pkey; Type: CONSTRAINT; Schema: public; Owner: projectuser
--

ALTER TABLE ONLY public.accounts_users_user_permissions
    ADD CONSTRAINT accounts_users_user_permissions_pkey PRIMARY KEY (id);


--
-- Name: accounts_users accounts_users_username_key; Type: CONSTRAINT; Schema: public; Owner: projectuser
--

ALTER TABLE ONLY public.accounts_users
    ADD CONSTRAINT accounts_users_username_key UNIQUE (username);


--
-- Name: accounts_verificationcode accounts_verificationcode_pkey; Type: CONSTRAINT; Schema: public; Owner: projectuser
--

ALTER TABLE ONLY public.accounts_verificationcode
    ADD CONSTRAINT accounts_verificationcode_pkey PRIMARY KEY (id);


--
-- Name: api_additionaltask api_additionaltask_pkey; Type: CONSTRAINT; Schema: public; Owner: projectuser
--

ALTER TABLE ONLY public.api_additionaltask
    ADD CONSTRAINT api_additionaltask_pkey PRIMARY KEY (id);


--
-- Name: api_board api_board_pkey; Type: CONSTRAINT; Schema: public; Owner: projectuser
--

ALTER TABLE ONLY public.api_board
    ADD CONSTRAINT api_board_pkey PRIMARY KEY (id);


--
-- Name: api_board api_board_project_id_key; Type: CONSTRAINT; Schema: public; Owner: projectuser
--

ALTER TABLE ONLY public.api_board
    ADD CONSTRAINT api_board_project_id_key UNIQUE (project_id);


--
-- Name: api_project_members api_project_members_pkey; Type: CONSTRAINT; Schema: public; Owner: projectuser
--

ALTER TABLE ONLY public.api_project_members
    ADD CONSTRAINT api_project_members_pkey PRIMARY KEY (id);


--
-- Name: api_project_members api_project_members_project_id_users_id_200d1a87_uniq; Type: CONSTRAINT; Schema: public; Owner: projectuser
--

ALTER TABLE ONLY public.api_project_members
    ADD CONSTRAINT api_project_members_project_id_users_id_200d1a87_uniq UNIQUE (project_id, users_id);


--
-- Name: api_project api_project_owner_id_key; Type: CONSTRAINT; Schema: public; Owner: projectuser
--

ALTER TABLE ONLY public.api_project
    ADD CONSTRAINT api_project_owner_id_key UNIQUE (owner_id);


--
-- Name: api_project api_project_pkey; Type: CONSTRAINT; Schema: public; Owner: projectuser
--

ALTER TABLE ONLY public.api_project
    ADD CONSTRAINT api_project_pkey PRIMARY KEY (id);


--
-- Name: api_projectmembership api_projectmembership_pkey; Type: CONSTRAINT; Schema: public; Owner: projectuser
--

ALTER TABLE ONLY public.api_projectmembership
    ADD CONSTRAINT api_projectmembership_pkey PRIMARY KEY (id);


--
-- Name: api_task api_task_pkey; Type: CONSTRAINT; Schema: public; Owner: projectuser
--

ALTER TABLE ONLY public.api_task
    ADD CONSTRAINT api_task_pkey PRIMARY KEY (id);


--
-- Name: api_task_users api_task_users_pkey; Type: CONSTRAINT; Schema: public; Owner: projectuser
--

ALTER TABLE ONLY public.api_task_users
    ADD CONSTRAINT api_task_users_pkey PRIMARY KEY (id);


--
-- Name: api_task_users api_task_users_task_id_users_id_adfe513f_uniq; Type: CONSTRAINT; Schema: public; Owner: projectuser
--

ALTER TABLE ONLY public.api_task_users
    ADD CONSTRAINT api_task_users_task_id_users_id_adfe513f_uniq UNIQUE (task_id, users_id);


--
-- Name: api_taskrelation api_taskrelation_pkey; Type: CONSTRAINT; Schema: public; Owner: projectuser
--

ALTER TABLE ONLY public.api_taskrelation
    ADD CONSTRAINT api_taskrelation_pkey PRIMARY KEY (id);


--
-- Name: auth_group auth_group_name_key; Type: CONSTRAINT; Schema: public; Owner: projectuser
--

ALTER TABLE ONLY public.auth_group
    ADD CONSTRAINT auth_group_name_key UNIQUE (name);


--
-- Name: auth_group_permissions auth_group_permissions_group_id_permission_id_0cd325b0_uniq; Type: CONSTRAINT; Schema: public; Owner: projectuser
--

ALTER TABLE ONLY public.auth_group_permissions
    ADD CONSTRAINT auth_group_permissions_group_id_permission_id_0cd325b0_uniq UNIQUE (group_id, permission_id);


--
-- Name: auth_group_permissions auth_group_permissions_pkey; Type: CONSTRAINT; Schema: public; Owner: projectuser
--

ALTER TABLE ONLY public.auth_group_permissions
    ADD CONSTRAINT auth_group_permissions_pkey PRIMARY KEY (id);


--
-- Name: auth_group auth_group_pkey; Type: CONSTRAINT; Schema: public; Owner: projectuser
--

ALTER TABLE ONLY public.auth_group
    ADD CONSTRAINT auth_group_pkey PRIMARY KEY (id);


--
-- Name: auth_permission auth_permission_content_type_id_codename_01ab375a_uniq; Type: CONSTRAINT; Schema: public; Owner: projectuser
--

ALTER TABLE ONLY public.auth_permission
    ADD CONSTRAINT auth_permission_content_type_id_codename_01ab375a_uniq UNIQUE (content_type_id, codename);


--
-- Name: auth_permission auth_permission_pkey; Type: CONSTRAINT; Schema: public; Owner: projectuser
--

ALTER TABLE ONLY public.auth_permission
    ADD CONSTRAINT auth_permission_pkey PRIMARY KEY (id);


--
-- Name: django_admin_log django_admin_log_pkey; Type: CONSTRAINT; Schema: public; Owner: projectuser
--

ALTER TABLE ONLY public.django_admin_log
    ADD CONSTRAINT django_admin_log_pkey PRIMARY KEY (id);


--
-- Name: django_content_type django_content_type_app_label_model_76bd3d3b_uniq; Type: CONSTRAINT; Schema: public; Owner: projectuser
--

ALTER TABLE ONLY public.django_content_type
    ADD CONSTRAINT django_content_type_app_label_model_76bd3d3b_uniq UNIQUE (app_label, model);


--
-- Name: django_content_type django_content_type_pkey; Type: CONSTRAINT; Schema: public; Owner: projectuser
--

ALTER TABLE ONLY public.django_content_type
    ADD CONSTRAINT django_content_type_pkey PRIMARY KEY (id);


--
-- Name: django_migrations django_migrations_pkey; Type: CONSTRAINT; Schema: public; Owner: projectuser
--

ALTER TABLE ONLY public.django_migrations
    ADD CONSTRAINT django_migrations_pkey PRIMARY KEY (id);


--
-- Name: django_session django_session_pkey; Type: CONSTRAINT; Schema: public; Owner: projectuser
--

ALTER TABLE ONLY public.django_session
    ADD CONSTRAINT django_session_pkey PRIMARY KEY (session_key);


--
-- Name: flags_flagstate flags_flagstate_name_condition_value_4e81ec48_uniq; Type: CONSTRAINT; Schema: public; Owner: projectuser
--

ALTER TABLE ONLY public.flags_flagstate
    ADD CONSTRAINT flags_flagstate_name_condition_value_4e81ec48_uniq UNIQUE (name, condition, value);


--
-- Name: flags_flagstate flags_flagstate_pkey; Type: CONSTRAINT; Schema: public; Owner: projectuser
--

ALTER TABLE ONLY public.flags_flagstate
    ADD CONSTRAINT flags_flagstate_pkey PRIMARY KEY (id);


--
-- Name: accounts_users_groups_group_id_371be490; Type: INDEX; Schema: public; Owner: projectuser
--

CREATE INDEX accounts_users_groups_group_id_371be490 ON public.accounts_users_groups USING btree (group_id);


--
-- Name: accounts_users_groups_users_id_c8303f87; Type: INDEX; Schema: public; Owner: projectuser
--

CREATE INDEX accounts_users_groups_users_id_c8303f87 ON public.accounts_users_groups USING btree (users_id);


--
-- Name: accounts_users_number_phone_0121451d_like; Type: INDEX; Schema: public; Owner: projectuser
--

CREATE INDEX accounts_users_number_phone_0121451d_like ON public.accounts_users USING btree (number_phone varchar_pattern_ops);


--
-- Name: accounts_users_user_permissions_permission_id_5f3d0fff; Type: INDEX; Schema: public; Owner: projectuser
--

CREATE INDEX accounts_users_user_permissions_permission_id_5f3d0fff ON public.accounts_users_user_permissions USING btree (permission_id);


--
-- Name: accounts_users_user_permissions_users_id_62a47b5b; Type: INDEX; Schema: public; Owner: projectuser
--

CREATE INDEX accounts_users_user_permissions_users_id_62a47b5b ON public.accounts_users_user_permissions USING btree (users_id);


--
-- Name: accounts_users_username_43ad8e69_like; Type: INDEX; Schema: public; Owner: projectuser
--

CREATE INDEX accounts_users_username_43ad8e69_like ON public.accounts_users USING btree (username varchar_pattern_ops);


--
-- Name: api_additionaltask_task_id_c8547e4b; Type: INDEX; Schema: public; Owner: projectuser
--

CREATE INDEX api_additionaltask_task_id_c8547e4b ON public.api_additionaltask USING btree (task_id);


--
-- Name: api_board_status_6930f6_idx; Type: INDEX; Schema: public; Owner: projectuser
--

CREATE INDEX api_board_status_6930f6_idx ON public.api_board USING btree (status);


--
-- Name: api_project_members_project_id_f528a993; Type: INDEX; Schema: public; Owner: projectuser
--

CREATE INDEX api_project_members_project_id_f528a993 ON public.api_project_members USING btree (project_id);


--
-- Name: api_project_members_users_id_7742936d; Type: INDEX; Schema: public; Owner: projectuser
--

CREATE INDEX api_project_members_users_id_7742936d ON public.api_project_members USING btree (users_id);


--
-- Name: api_projectmembership_project_id_0a791d2f; Type: INDEX; Schema: public; Owner: projectuser
--

CREATE INDEX api_projectmembership_project_id_0a791d2f ON public.api_projectmembership USING btree (project_id);


--
-- Name: api_projectmembership_users_id_6a6d4c67; Type: INDEX; Schema: public; Owner: projectuser
--

CREATE INDEX api_projectmembership_users_id_6a6d4c67 ON public.api_projectmembership USING btree (users_id);


--
-- Name: api_task_board_id_3c447ac8; Type: INDEX; Schema: public; Owner: projectuser
--

CREATE INDEX api_task_board_id_3c447ac8 ON public.api_task USING btree (board_id);


--
-- Name: api_task_priorit_ee8719_idx; Type: INDEX; Schema: public; Owner: projectuser
--

CREATE INDEX api_task_priorit_ee8719_idx ON public.api_task USING btree (priority, date_completion);


--
-- Name: api_task_users_task_id_39e5016b; Type: INDEX; Schema: public; Owner: projectuser
--

CREATE INDEX api_task_users_task_id_39e5016b ON public.api_task_users USING btree (task_id);


--
-- Name: api_task_users_users_id_cec46deb; Type: INDEX; Schema: public; Owner: projectuser
--

CREATE INDEX api_task_users_users_id_cec46deb ON public.api_task_users USING btree (users_id);


--
-- Name: api_taskrelation_from_task_id_3d07c386; Type: INDEX; Schema: public; Owner: projectuser
--

CREATE INDEX api_taskrelation_from_task_id_3d07c386 ON public.api_taskrelation USING btree (from_task_id);


--
-- Name: api_taskrelation_to_task_id_766d89c4; Type: INDEX; Schema: public; Owner: projectuser
--

CREATE INDEX api_taskrelation_to_task_id_766d89c4 ON public.api_taskrelation USING btree (to_task_id);


--
-- Name: auth_group_name_a6ea08ec_like; Type: INDEX; Schema: public; Owner: projectuser
--

CREATE INDEX auth_group_name_a6ea08ec_like ON public.auth_group USING btree (name varchar_pattern_ops);


--
-- Name: auth_group_permissions_group_id_b120cbf9; Type: INDEX; Schema: public; Owner: projectuser
--

CREATE INDEX auth_group_permissions_group_id_b120cbf9 ON public.auth_group_permissions USING btree (group_id);


--
-- Name: auth_group_permissions_permission_id_84c5c92e; Type: INDEX; Schema: public; Owner: projectuser
--

CREATE INDEX auth_group_permissions_permission_id_84c5c92e ON public.auth_group_permissions USING btree (permission_id);


--
-- Name: auth_permission_content_type_id_2f476e4b; Type: INDEX; Schema: public; Owner: projectuser
--

CREATE INDEX auth_permission_content_type_id_2f476e4b ON public.auth_permission USING btree (content_type_id);


--
-- Name: django_admin_log_content_type_id_c4bce8eb; Type: INDEX; Schema: public; Owner: projectuser
--

CREATE INDEX django_admin_log_content_type_id_c4bce8eb ON public.django_admin_log USING btree (content_type_id);


--
-- Name: django_admin_log_user_id_c564eba6; Type: INDEX; Schema: public; Owner: projectuser
--

CREATE INDEX django_admin_log_user_id_c564eba6 ON public.django_admin_log USING btree (user_id);


--
-- Name: django_session_expire_date_a5c62663; Type: INDEX; Schema: public; Owner: projectuser
--

CREATE INDEX django_session_expire_date_a5c62663 ON public.django_session USING btree (expire_date);


--
-- Name: django_session_session_key_c0390e0f_like; Type: INDEX; Schema: public; Owner: projectuser
--

CREATE INDEX django_session_session_key_c0390e0f_like ON public.django_session USING btree (session_key varchar_pattern_ops);


--
-- Name: accounts_users_groups accounts_users_groups_group_id_371be490_fk_auth_group_id; Type: FK CONSTRAINT; Schema: public; Owner: projectuser
--

ALTER TABLE ONLY public.accounts_users_groups
    ADD CONSTRAINT accounts_users_groups_group_id_371be490_fk_auth_group_id FOREIGN KEY (group_id) REFERENCES public.auth_group(id) DEFERRABLE INITIALLY DEFERRED;


--
-- Name: accounts_users_groups accounts_users_groups_users_id_c8303f87_fk_accounts_users_id; Type: FK CONSTRAINT; Schema: public; Owner: projectuser
--

ALTER TABLE ONLY public.accounts_users_groups
    ADD CONSTRAINT accounts_users_groups_users_id_c8303f87_fk_accounts_users_id FOREIGN KEY (users_id) REFERENCES public.accounts_users(id) DEFERRABLE INITIALLY DEFERRED;


--
-- Name: accounts_users_user_permissions accounts_users_user__permission_id_5f3d0fff_fk_auth_perm; Type: FK CONSTRAINT; Schema: public; Owner: projectuser
--

ALTER TABLE ONLY public.accounts_users_user_permissions
    ADD CONSTRAINT accounts_users_user__permission_id_5f3d0fff_fk_auth_perm FOREIGN KEY (permission_id) REFERENCES public.auth_permission(id) DEFERRABLE INITIALLY DEFERRED;


--
-- Name: accounts_users_user_permissions accounts_users_user__users_id_62a47b5b_fk_accounts_; Type: FK CONSTRAINT; Schema: public; Owner: projectuser
--

ALTER TABLE ONLY public.accounts_users_user_permissions
    ADD CONSTRAINT accounts_users_user__users_id_62a47b5b_fk_accounts_ FOREIGN KEY (users_id) REFERENCES public.accounts_users(id) DEFERRABLE INITIALLY DEFERRED;


--
-- Name: api_additionaltask api_additionaltask_task_id_c8547e4b_fk_api_task_id; Type: FK CONSTRAINT; Schema: public; Owner: projectuser
--

ALTER TABLE ONLY public.api_additionaltask
    ADD CONSTRAINT api_additionaltask_task_id_c8547e4b_fk_api_task_id FOREIGN KEY (task_id) REFERENCES public.api_task(id) DEFERRABLE INITIALLY DEFERRED;


--
-- Name: api_board api_board_project_id_8ba0fc86_fk_api_project_id; Type: FK CONSTRAINT; Schema: public; Owner: projectuser
--

ALTER TABLE ONLY public.api_board
    ADD CONSTRAINT api_board_project_id_8ba0fc86_fk_api_project_id FOREIGN KEY (project_id) REFERENCES public.api_project(id) DEFERRABLE INITIALLY DEFERRED;


--
-- Name: api_project_members api_project_members_project_id_f528a993_fk_api_project_id; Type: FK CONSTRAINT; Schema: public; Owner: projectuser
--

ALTER TABLE ONLY public.api_project_members
    ADD CONSTRAINT api_project_members_project_id_f528a993_fk_api_project_id FOREIGN KEY (project_id) REFERENCES public.api_project(id) DEFERRABLE INITIALLY DEFERRED;


--
-- Name: api_project_members api_project_members_users_id_7742936d_fk_accounts_users_id; Type: FK CONSTRAINT; Schema: public; Owner: projectuser
--

ALTER TABLE ONLY public.api_project_members
    ADD CONSTRAINT api_project_members_users_id_7742936d_fk_accounts_users_id FOREIGN KEY (users_id) REFERENCES public.accounts_users(id) DEFERRABLE INITIALLY DEFERRED;


--
-- Name: api_project api_project_owner_id_54c92f4c_fk_accounts_users_id; Type: FK CONSTRAINT; Schema: public; Owner: projectuser
--

ALTER TABLE ONLY public.api_project
    ADD CONSTRAINT api_project_owner_id_54c92f4c_fk_accounts_users_id FOREIGN KEY (owner_id) REFERENCES public.accounts_users(id) DEFERRABLE INITIALLY DEFERRED;


--
-- Name: api_projectmembership api_projectmembership_project_id_0a791d2f_fk_api_project_id; Type: FK CONSTRAINT; Schema: public; Owner: projectuser
--

ALTER TABLE ONLY public.api_projectmembership
    ADD CONSTRAINT api_projectmembership_project_id_0a791d2f_fk_api_project_id FOREIGN KEY (project_id) REFERENCES public.api_project(id) DEFERRABLE INITIALLY DEFERRED;


--
-- Name: api_projectmembership api_projectmembership_users_id_6a6d4c67_fk_accounts_users_id; Type: FK CONSTRAINT; Schema: public; Owner: projectuser
--

ALTER TABLE ONLY public.api_projectmembership
    ADD CONSTRAINT api_projectmembership_users_id_6a6d4c67_fk_accounts_users_id FOREIGN KEY (users_id) REFERENCES public.accounts_users(id) DEFERRABLE INITIALLY DEFERRED;


--
-- Name: api_task api_task_board_id_3c447ac8_fk_api_board_id; Type: FK CONSTRAINT; Schema: public; Owner: projectuser
--

ALTER TABLE ONLY public.api_task
    ADD CONSTRAINT api_task_board_id_3c447ac8_fk_api_board_id FOREIGN KEY (board_id) REFERENCES public.api_board(id) DEFERRABLE INITIALLY DEFERRED;


--
-- Name: api_task_users api_task_users_task_id_39e5016b_fk_api_task_id; Type: FK CONSTRAINT; Schema: public; Owner: projectuser
--

ALTER TABLE ONLY public.api_task_users
    ADD CONSTRAINT api_task_users_task_id_39e5016b_fk_api_task_id FOREIGN KEY (task_id) REFERENCES public.api_task(id) DEFERRABLE INITIALLY DEFERRED;


--
-- Name: api_task_users api_task_users_users_id_cec46deb_fk_accounts_users_id; Type: FK CONSTRAINT; Schema: public; Owner: projectuser
--

ALTER TABLE ONLY public.api_task_users
    ADD CONSTRAINT api_task_users_users_id_cec46deb_fk_accounts_users_id FOREIGN KEY (users_id) REFERENCES public.accounts_users(id) DEFERRABLE INITIALLY DEFERRED;


--
-- Name: api_taskrelation api_taskrelation_from_task_id_3d07c386_fk_api_task_id; Type: FK CONSTRAINT; Schema: public; Owner: projectuser
--

ALTER TABLE ONLY public.api_taskrelation
    ADD CONSTRAINT api_taskrelation_from_task_id_3d07c386_fk_api_task_id FOREIGN KEY (from_task_id) REFERENCES public.api_task(id) DEFERRABLE INITIALLY DEFERRED;


--
-- Name: api_taskrelation api_taskrelation_to_task_id_766d89c4_fk_api_task_id; Type: FK CONSTRAINT; Schema: public; Owner: projectuser
--

ALTER TABLE ONLY public.api_taskrelation
    ADD CONSTRAINT api_taskrelation_to_task_id_766d89c4_fk_api_task_id FOREIGN KEY (to_task_id) REFERENCES public.api_task(id) DEFERRABLE INITIALLY DEFERRED;


--
-- Name: auth_group_permissions auth_group_permissio_permission_id_84c5c92e_fk_auth_perm; Type: FK CONSTRAINT; Schema: public; Owner: projectuser
--

ALTER TABLE ONLY public.auth_group_permissions
    ADD CONSTRAINT auth_group_permissio_permission_id_84c5c92e_fk_auth_perm FOREIGN KEY (permission_id) REFERENCES public.auth_permission(id) DEFERRABLE INITIALLY DEFERRED;


--
-- Name: auth_group_permissions auth_group_permissions_group_id_b120cbf9_fk_auth_group_id; Type: FK CONSTRAINT; Schema: public; Owner: projectuser
--

ALTER TABLE ONLY public.auth_group_permissions
    ADD CONSTRAINT auth_group_permissions_group_id_b120cbf9_fk_auth_group_id FOREIGN KEY (group_id) REFERENCES public.auth_group(id) DEFERRABLE INITIALLY DEFERRED;


--
-- Name: auth_permission auth_permission_content_type_id_2f476e4b_fk_django_co; Type: FK CONSTRAINT; Schema: public; Owner: projectuser
--

ALTER TABLE ONLY public.auth_permission
    ADD CONSTRAINT auth_permission_content_type_id_2f476e4b_fk_django_co FOREIGN KEY (content_type_id) REFERENCES public.django_content_type(id) DEFERRABLE INITIALLY DEFERRED;


--
-- Name: django_admin_log django_admin_log_content_type_id_c4bce8eb_fk_django_co; Type: FK CONSTRAINT; Schema: public; Owner: projectuser
--

ALTER TABLE ONLY public.django_admin_log
    ADD CONSTRAINT django_admin_log_content_type_id_c4bce8eb_fk_django_co FOREIGN KEY (content_type_id) REFERENCES public.django_content_type(id) DEFERRABLE INITIALLY DEFERRED;


--
-- Name: django_admin_log django_admin_log_user_id_c564eba6_fk_accounts_users_id; Type: FK CONSTRAINT; Schema: public; Owner: projectuser
--

ALTER TABLE ONLY public.django_admin_log
    ADD CONSTRAINT django_admin_log_user_id_c564eba6_fk_accounts_users_id FOREIGN KEY (user_id) REFERENCES public.accounts_users(id) DEFERRABLE INITIALLY DEFERRED;


--
-- PostgreSQL database dump complete
--

